,0,1,Random # of Shots 1,Random Example Paths 1,Random Example Categories 1,Random Same Category Count 1,Embedding # of Shots 1,Embedding Example Paths 1,Embedding Example Categories 1,Embedding Same Category Count 1
0,./data/Durum_Wheat_Dataset/Durum_Wheat_Dataset/Dataset2-Durum Wheat Video Images/Vitreous Kernels/Frame 0050.jpg,Vitreous Kernels,Vitreous Kernels,['./data/Durum_Wheat_Dataset/Durum_Wheat_Dataset/Dataset2-Durum Wheat Video Images/Starchy Kernels/Frame 0054.jpg'],['Starchy Kernels'],0.0,Vitreous Kernels,['./data/Durum_Wheat_Dataset/Durum_Wheat_Dataset/Dataset2-Durum Wheat Video Images/Vitreous Kernels/Frame 0054.jpg'],['Vitreous Kernels'],1.0
1,./data/Durum_Wheat_Dataset/Durum_Wheat_Dataset/Dataset2-Durum Wheat Video Images/Foreign Matters/Frame 0050.jpg,Foreign Matters,Foreign Matters,['./data/Durum_Wheat_Dataset/Durum_Wheat_Dataset/Dataset2-Durum Wheat Video Images/Foreign Matters/Frame 0062.jpg'],['Foreign Matters'],1.0,Foreign Matters,['./data/Durum_Wheat_Dataset/Durum_Wheat_Dataset/Dataset2-Durum Wheat Video Images/Foreign Matters/Frame 0054.jpg'],['Foreign Matters'],1.0
2,./data/Durum_Wheat_Dataset/Durum_Wheat_Dataset/Dataset2-Durum Wheat Video Images/Starchy Kernels/Frame 0062.jpg,Starchy Kernels,Vitreous Kernels,['./data/Durum_Wheat_Dataset/Durum_Wheat_Dataset/Dataset2-Durum Wheat Video Images/Starchy Kernels/Frame 0050.jpg'],['Starchy Kernels'],1.0,Starchy Kernels,['./data/Durum_Wheat_Dataset/Durum_Wheat_Dataset/Dataset2-Durum Wheat Video Images/Starchy Kernels/Frame 0050.jpg'],['Starchy Kernels'],1.0
3,./data/Durum_Wheat_Dataset/Durum_Wheat_Dataset/Dataset2-Durum Wheat Video Images/Foreign Matters/Frame 0054.jpg,Foreign Matters,Foreign Matters,['./data/Durum_Wheat_Dataset/Durum_Wheat_Dataset/Dataset2-Durum Wheat Video Images/Vitreous Kernels/Frame 0054.jpg'],['Vitreous Kernels'],0.0,Foreign Matters,['./data/Durum_Wheat_Dataset/Durum_Wheat_Dataset/Dataset2-Durum Wheat Video Images/Foreign Matters/Frame 0050.jpg'],['Foreign Matters'],1.0
4,./data/Durum_Wheat_Dataset/Durum_Wheat_Dataset/Dataset2-Durum Wheat Video Images/Vitreous Kernels/Frame 0062.jpg,Vitreous Kernels,Vitreous Kernels,['./data/Durum_Wheat_Dataset/Durum_Wheat_Dataset/Dataset2-Durum Wheat Video Images/Starchy Kernels/Frame 0054.jpg'],['Starchy Kernels'],0.0,Vitreous Kernels,['./data/Durum_Wheat_Dataset/Durum_Wheat_Dataset/Dataset2-Durum Wheat Video Images/Vitreous Kernels/Frame 0054.jpg'],['Vitreous Kernels'],1.0
5,./data/Durum_Wheat_Dataset/Durum_Wheat_Dataset/Dataset2-Durum Wheat Video Images/Foreign Matters/Frame 0062.jpg,Foreign Matters,Foreign Matters,['./data/Durum_Wheat_Dataset/Durum_Wheat_Dataset/Dataset2-Durum Wheat Video Images/Vitreous Kernels/Frame 0050.jpg'],['Vitreous Kernels'],0.0,Foreign Matters,['./data/Durum_Wheat_Dataset/Durum_Wheat_Dataset/Dataset2-Durum Wheat Video Images/Foreign Matters/Frame 0054.jpg'],['Foreign Matters'],1.0
6,./data/Durum_Wheat_Dataset/Durum_Wheat_Dataset/Dataset2-Durum Wheat Video Images/Starchy Kernels/Frame 0050.jpg,Starchy Kernels,Vitreous Kernels,['./data/Durum_Wheat_Dataset/Durum_Wheat_Dataset/Dataset2-Durum Wheat Video Images/Foreign Matters/Frame 0062.jpg'],['Foreign Matters'],0.0,Starchy Kernels,['./data/Durum_Wheat_Dataset/Durum_Wheat_Dataset/Dataset2-Durum Wheat Video Images/Starchy Kernels/Frame 0054.jpg'],['Starchy Kernels'],1.0
7,./data/Durum_Wheat_Dataset/Durum_Wheat_Dataset/Dataset2-Durum Wheat Video Images/Starchy Kernels/Frame 0054.jpg,Starchy Kernels,Vitreous Kernels,['./data/Durum_Wheat_Dataset/Durum_Wheat_Dataset/Dataset2-Durum Wheat Video Images/Starchy Kernels/Frame 0050.jpg'],['Starchy Kernels'],1.0,Vitreous Kernels,['./data/Durum_Wheat_Dataset/Durum_Wheat_Dataset/Dataset2-Durum Wheat Video Images/Starchy Kernels/Frame 0050.jpg'],['Starchy Kernels'],1.0
8,./data/Durum_Wheat_Dataset/Durum_Wheat_Dataset/Dataset2-Durum Wheat Video Images/Vitreous Kernels/Frame 0054.jpg,Vitreous Kernels,Vitreous Kernels,['./data/Durum_Wheat_Dataset/Durum_Wheat_Dataset/Dataset2-Durum Wheat Video Images/Vitreous Kernels/Frame 0062.jpg'],['Vitreous Kernels'],1.0,Vitreous Kernels,['./data/Durum_Wheat_Dataset/Durum_Wheat_Dataset/Dataset2-Durum Wheat Video Images/Vitreous Kernels/Frame 0050.jpg'],['Vitreous Kernels'],1.0
